Workbook

Sheet Observacoes
A1: id_mae | B1: Potencial (0-3) | C1: Type | D1: Observations
A2: OBS-001 | B2: 0 | C2: Infraestrutura | D2: Falta de computadores/tablets para todos os funcionarios
A3: OBS-002 | B3: 0 | C3: Infraestrutura | D3: Dificuldade de comunicacao com profissionais da ala oeste
A4: OBS-003 | B4: 0 | C4: Infraestrutura | D4: Falta de pivo na ala oeste
A5: OBS-004 | B5: 0 | C5: Infraestrutura | D5: Excesso de demandas que desfocam o profissional do pivo (excesso de telefonemas)
A6: OBS-005 | B6: 0 | C6: Infraestrutura | D6: Ramais insuficientes
A7: OBS-006 | B7: 0 | C7: Infraestrutura | D7: Sistema de transporte vacuo inativo
A8: OBS-007 | B8: 0 | C8: CERNER | D8: SIsitema para checagem de medicacoes juntas em mesma via pelo Cerner
A9: OBS-008 | B9: 0 | C9: Infraestrutura | D9: Bloqueio da vista natural dos quartos por aparelho de de pressao negativa
A10: OBS-009 | B10: 0 | C10: Infraestrutura | D10: PIXYS: Problemas de filas em momentos-chave do dia, problemas de reposicao, disponibilidade de material e medicamentos.
A11: OBS-010 | B11: 0 | C11: Infraestrutura | D11: Solicitacao de medicacao para farmacia central por papel escaneado
A12: OBS-011 | B12: 0 | C12: Infraestrutura | D12: Corredor congestionado por equipamentos
A13: OBS-012 | B13: 0 | C13: Infraestrutura | D13: Lentidao na saida de exames por falta de priorizacao e regulacao
A14: OBS-013 | B14: 0 | C14: Infraestrutura | D14: Equipe de transporte reduzida
A15: OBS-014 | B15: 0 | D15: Acionamentos indevidos por parte dos familiares em comunicacao interna do quarto
A16: OBS-015 | B16: 0 | D16: Alta demanda da profissional do pivo (dupla checagem antes de acionar algum profissional)
A17: OBS-016 | B17: 0 | C17: Infraestrutura | D17: Setores pediatricos em diferentes andares aumentando tempo de deslocamento
A18: OBS-017 | B18: 0 | C18: Infraestrutura | D18: Quando um paciente novo chega a UTI, nao ha um aviso programado. A equipe fica sabendo verbalmente
A19: OBS-018 | B19: 0 | C19: Infraestrutura | D19: O pediatra fala sobre o caso com o anestesista verbalmente
A20: OBS-019 | B20: 0 | D20: Reclamacao do tempo acionar o botao-alguem aparecer por parte dos familiares
A21: OBS-020 | B21: 0 | C21: Infraestrutura | D21: Flexibilidade nos horarios de visitas e no numero de pessoas no quarto
A22: OBS-021 | B22: 0 | C22: CERNER | D22: Duplicacao de prescricoes sem algum sistema de aviso
A23: OBS-022 | B23: 0 | D23: Passagem ineficaz de plantao
A24: OBS-023 | B24: 0 | C24: Infraestrutura | D24: Nao comunicacao entre parametros ventilatorios e sistema de prontuario
A25: OBS-024 | B25: 0 | C25: Dispositivos | D25: Quantidade insuficiente de valvulas de O2 no leito
A26: OBS-025 | B26: 0 | D26: Quando ha ECMO na sala nao cabe a famiilia + aparelhos
A27: OBS-026 | B27: 0 | D27: Limpeza de quarto dificultada pela quantidade de coisas.
A28: OBS-027 | B28: 0 | D28: Muito barulho de bombas e alarmes.
A29: OBS-028 | B29: 1 | C29: Equipamentos | D29: Perda de cabos/equipamentos e falta de rastreabilidade dos mesmos
A30: OBS-029 | B30: 1 | C30: CERNER | D30: Muito tempo gasto com registro em prontuario e burocracias
A31: OBS-030 | B31: 1 | C31: Dispositivos | D31: Equipo de dialise tipo aranha
A32: OBS-031 | B32: 1 | C32: Infraestrutura | D32: Falta de um sistema de avisos de altas e admissoes
A33: OBS-032 | B33: 1 | D33: Painel analogico onde e registrado o nivel de complexidade dos pacientes por pontos e codigo de cores
A34: OBS-033 | B34: 1 | D34: Psicologa pouco acionada, abaixo da demanda
A35: OBS-034 | B35: 1 | C35: Dispositivos | D35: A luva e perdida com bastante frequencia e nao funciona bem a partir de um ano e meio de idade nos nao intubados
A36: OBS-035 | B36: 1 | C36: Dispositivos | D36: Luz do laringoscopio falha com facilidade ( travamento com defeito - aciona a lampada atraves de pressao em botao que perde a conexao com o tempo). prejudica iot
A37: OBS-036 | B37: 1 | D37: Bulario feito nao contem todas as medicacoes que usam.
A38: OBS-037 | B38: 1 | C38: Dispositivos | D38: Dificuldade na adaptacao do CNAF
A39: OBS-038 | B39: 1 | C39: Infraestrutura | D39: Uso de leitos destinados para adultos usados em criancas
A40: OBS-039 | B40: 1 | C40: Infraestrutura | D40: Excesso de tempo gasto nas comunicacoes entre profissionais para reforcar o que ja foi feito no sistema
A41: OBS-040 | B41: 2 | C41: Dispositivos | D41: Problemas com a sonda de Foley
A42: OBS-041 | B42: 2 | D42: Altas taxas de PAV (especialmente SUS)
A43: OBS-042 | B43: 2 | C43: Dispositivos | D43: Dificuldade na adaptacao de mascara de inalacao
A44: OBS-043 | B44: 2 | C44: Dispositivos | D44: Reducao de mobilidade durante dialise
A45: OBS-044 | B45: 2 | C45: Procedimentos | D45: Banhos demandam muito tempo
A46: OBS-045 | B46: 2 | D46: Eles tem um brinquedo terapeutico para ensinar ao paciente procedimentos, personalizado de acordo com os gostos do paciente
A47: OBS-046 | B47: 2 | C47: Dispositivos | D47: Parece que pode haver interacoes medicamentosas nao controladas
A48: OBS-047 | B48: 2 | D48: Os quartos sao brancos, sensacao impessoal, falta de estimulos
A49: OBS-048 | B49: 2 | C49: Dispositivos | D49: Perda de sonda nasal
A50: OBS-049 | B50: 2 | C50: Dispositivos | D50: Problemas de lesao por pressao causada pelo oximetro.
A51: OBS-050 | B51: 2 | D51: Dificuldade na comunicacao com familiares (escolaridade, vergonha, seguranca, alimentacao, expectativa, escolaridade)
A52: OBS-051 | B52: 2 | C52: Procedimentos | D52: Isolar cateteres com plastico durante banho
A53: OBS-052 | B53: 2 | C53: Dispositivos | D53: Dificuldade na adaptacao da mascara da VNI
A54: OBS-053 | B54: 2 | C54: Dispositivos | D54: Falta de dispositivos de realidade virtual para reabilitacao
A55: OBS-054 | B55: 2 | C55: Dispositivos | D55: Videolaringoscopio nao e a primeira escolha para iot de criancas. Aparelho grande dificil de usar em criancas pequenas (< 6 meses)
A56: OBS-055 | B56: 2 | C56: Dispositivos | D56: Pilha de videolaringoscopio dura 120 minutos, depois ele precisa ser jogado fora. Custo do mesmo fica muito alto ( Usam pouco o dispositivo por isto tambem)
A57: OBS-056 | B57: 2 | D57: Ecocardiograma grande e um unico para dividir com as outras UTIS.
A58: OBS-057 | B58: 2 | D58: Bulario e guia de medicamentos que foi feito (dosagens minimas e maximas) nao consegue ser aplicado ( pensam em mcg/kg/minuto e mudam pensando em ml/hora)
A59: OBS-058 | B59: 2 | D59: Para fazer um eletrocardiograma de 12 derivacoes tem que retirar monitoramento habitual ( machuca a pele).
A60: OBS-059 | B60: 3 | C60: Equipamentos | D60: Monitorizacao de sinais vitais com muitos cabos e equipamentos
A61: OBS-060 | B61: 3 | C61: Procedimentos | D61: Acidentes de puncao
A62: OBS-061 | B62: 3 | C62: Procedimentos | D62: Dificuldade na puncao para insercao de cateteres
A63: OBS-062 | B63: 3 | C63: Dispositivos | D63: Altas taxas de infeccao por cateter (especialmente SUS)
A64: OBS-063 | B64: 3 | C64: Dispositivos | D64: Acoplamento do oximetro (especialmente nos bebes)
A65: OBS-064 | B65: 3 | C65: Dispositivos | D65: Reducao de mobilidade por conta de infusao de medicamentos
A66: OBS-065 | B66: 3 | D66: Dificuldade no diagnostico bronquiolite
A67: OBS-066 | B67: 3 | C67: Infraestrutura | D67: Comunicacao mal direcionada
A68: OBS-067 | B68: 3 | C68: Dispositivos | D68: Os oximetros tem um atraso entre a captacao do sinal e o que e visto na tela
A69: OBS-068 | B69: 3 | D69: Medicamentos com doses muito variaveis
A70: OBS-069 | B70: 3 | D70: Sarcopenia infantil (escalable para geriatria)
A71: OBS-070 | B71: 3 | C71: Dispositivos | D71: Puncao arterial invasiva (PAI) produz dor na crianca e pode desconectar
A72: OBS-071 | B72: 3 | C72: Dispositivos | D72: Fixacao de sonda vesical com esparadrapo para fixar
A73: OBS-072 | B73: 3 | C73: Dispositivos | D73: Sonda vesical de demora sem tamanho adequado, necessidade de uma cistostomia para instalar cirurgicamente em algumas ocasioes
A74: OBS-073 | B74: 3 | D74: Muita medicacao por acesso venoso
A75: OBS-074 | B75: 3 | C75: Dispositivos | D75: A temperatura e medida manualmente, nao de forma continua. Perde-se o registro de picos febris
A76: OBS-075 | B76: 3 | C76: Dispositivos | D76: Capnografo grande para as criancas pequenas
A77: OBS-076 | B77: 3 | D77: Erro no momento da medicacao
A78: OBS-077 | B78: 3 | C78: Procedimentos | D78: Necessidade de ficar na mesma posicao durante dialise
A79: OBS-078 | B79: 3 | C79: Dispositivos | D79: Fixacao de COT inadequada para bebes
A80: OBS-079 | B80: 3 | C80: Procedimentos | D80: Falha de EOT
A81: OBS-080 | B81: 3 | C81: Procedimentos | D81: EOT acidental
A82: OBS-081 | B82: 3 | C82: Dispositivos | D82: Falta de dispositivos para mobilizacao precoce
A83: OBS-082 | B83: 3 | D83: Criancas agitadas durante procedimentos
A84: OBS-083 | B84: 3 | D84: Uso de sedativos e bloqueadores em casos graves aumentam as comorbidades
A85: OBS-084 | B85: 3 | D85: Sugere NIRS (sistema de monitoriamente por espectometria -infravermelho que ve oxigenacao cerebral) > tem uma fita na fronte com gel condutor > consegue ver dados fidedignos
A86: OBS-085 | B86: 3 | D86: nao ha uma forma de diferenciar entre tolerancia a droga/ abstinencia x delirium em criancas que estao em uso prolongado de sedativos. Usam escalas comportamentais, mas as criancas puntuam os dois. Na pratica tratam as duas coisas.
A87: OBS-086 | B87: 3 | D87: Videoeletroencefalograma e muito grande, ocupa espaco e nao e conectado com outras aparelhagens e monitores.
A88: OBS-087 | B88: 3 | C88: Dispositivos | D88: Suporte de bombas nao suporta o peso delas. Ja tiveram 4 acidentes com queda do suporte nos pacientes.
A89: OBS-088 | B89: 3 | D89: Cola do eletroencefalograma muito forte > machuca pele
A90: OBS-089 | B90: 3 | D90: Como titular nivel de sedacao
A91: OBS-090 | B91: 3 | D91: Checagem de bombas a cada hora (atrapalha servico de enfermagem)
A92: OBS-091 | B92: 3 | D92: Formas de fixar cateter periferico (talas sao proibidas)
A93: OBS-092 | B93: 3 | D93: Pouca indicacao de picc para criancas. leva muitas perdas.
A94: OBS-093 | B94: 3 | C94: Dispositivos | D94: Bomba de seringa obstrui demais
A95: OBS-094 | B95: 3 | D95: nao ha uma fixacao de Dreno de torax especifica para criancas (algo feito e montado com tensoplast ( pode machucar)

Sheet Needs Stage 0
A1: id_filha | B1: id_mae | C1: Potencial (0-3) | D1: Type | E1: Observations | F1: Problem | G1: Population | H1: Intend outcome | I1: Need Statements | J1: Cluster | K1: Nome
A2: NEED-001 | B2: OBS-066 | C2: =VLOOKUP(B2,Observacoes!$A:$D,2,FALSE) | D2: =VLOOKUP(B2,Observacoes!$A:$D,3,FALSE) | E2: =VLOOKUP(B2,Observacoes!$A:$D,4,FALSE) | F2: Comunicacao inefetiva | G2: Criancas internadas na UTI | H2: Melhorar mobilidade | I2: Uma forma de melhorar a comunicacao entre profissionais na UTI pediatrica com o objetivo de reduzir o tempo de resposta ordem-acao em x% | J2: Monitoramento | K2: Ana
A3: NEED-002 | B3: OBS-059 | C3: =VLOOKUP(B3,Observacoes!$A:$D,2,FALSE) | D3: =VLOOKUP(B3,Observacoes!$A:$D,3,FALSE) | E3: =VLOOKUP(B3,Observacoes!$A:$D,4,FALSE) | F3: Excesso de cabos e monitores | G3: Criancas internadas na UTI | H3: Reduzir ansiedade dos pais | I3: Uma forma de otimizar a monitorizacao de sinais vitais em criancas internadas na UTI com o objetivo de aumentar a mobilidade das criancas em x% | J3: Monitoramento | K3: Ana
A4: NEED-003 | B4: OBS-059 | C4: =VLOOKUP(B4,Observacoes!$A:$D,2,FALSE) | D4: =VLOOKUP(B4,Observacoes!$A:$D,3,FALSE) | E4: =VLOOKUP(B4,Observacoes!$A:$D,4,FALSE) | F4: Excesso de cabos e monitores | G4: Criancas internadas na UTI | H4: Antecipar diagnostico sepse | I4: Uma forma de otimizar a monitorizacao de sinais vitais em criancas internadas na UTI com o objetivo de reduzir a ansiedade dos pais dos pacientes em x% | J4: Monitoramento | K4: Ana
A5: NEED-004 | B5: OBS-074 | C5: =VLOOKUP(B5,Observacoes!$A:$D,2,FALSE) | D5: =VLOOKUP(B5,Observacoes!$A:$D,3,FALSE) | E5: =VLOOKUP(B5,Observacoes!$A:$D,4,FALSE) | F5: Afericao de temperatura em intervalos longos (perder picos febris, perder o time de sepse | G5: Criancas internadas na UTI | H5: Antecipar tratamento de infeccoes | I5: Uma forma de prever picos febris em paciente imunosuprimidos oncologicos pediatricos para antecipar o diagnostico de sepse em x %. | J5: Monitoramento | K5: Ana
A6: NEED-005 | B6: OBS-074 | C6: =VLOOKUP(B6,Observacoes!$A:$D,2,FALSE) | D6: =VLOOKUP(B6,Observacoes!$A:$D,3,FALSE) | E6: =VLOOKUP(B6,Observacoes!$A:$D,4,FALSE) | F6: Afericao de temperatura em intervalos longos (perder picos febris, perder o time de infeccoes | G6: Criancas hospitalizadas | H6: Melhores compressoes cardiacas durante RCP | I6: Uma forma de prever picos febris em pacientes imunosuprimidos oncologicos pediatricos para antecipar o tratamento de infeccoes em x% | J6: Monitoramento | K6: Ana
A7: NEED-006 | B7: OBS-075 | C7: =VLOOKUP(B7,Observacoes!$A:$D,2,FALSE) | D7: =VLOOKUP(B7,Observacoes!$A:$D,3,FALSE) | E7: =VLOOKUP(B7,Observacoes!$A:$D,4,FALSE) | F7: Capnografo inadequados para criancas pequenas | G7: Criancas internadas na UTI | H7: Melhor ajuste ventilatorio | I7: Uma nova forma de monitorizar o ETCO2 em pacientes criticos pediatricos para tornar as compressoes cardiacas mais efetivas em x% durante as PCRs | J7: Monitoramento | K7: Ana
A8: NEED-007 | B8: OBS-075 | C8: =VLOOKUP(B8,Observacoes!$A:$D,2,FALSE) | D8: =VLOOKUP(B8,Observacoes!$A:$D,3,FALSE) | E8: =VLOOKUP(B8,Observacoes!$A:$D,4,FALSE) | F8: Capnografo inadequados para criancas pequenas | G8: Criancas internadas na UTI | H8: Melhorar mobilidade | I8: Uma nova forma de monitorizar o ETCO2 em pacientes criticos pediatricos para reduzir o tempo de desmame ventilatorio em x% | J8: Monitoramento | K8: Ana
A9: NEED-008 | B9: OBS-086 | C9: =VLOOKUP(B9,Observacoes!$A:$D,2,FALSE) | D9: =VLOOKUP(B9,Observacoes!$A:$D,3,FALSE) | E9: =VLOOKUP(B9,Observacoes!$A:$D,4,FALSE) | F9: Equipamento de EEG grande e sem conexao com outros monitores | G9: Criancas internadas na UTI | H9: Evitar acidentes com as bombas de infusao | I9: Uma nova forma de monitorizar ondas cerebrais em pacientes pediatricos com objetivo de melhorar a mobilidade em x% | J9: Monitoramento | K9: Ana
A10: NEED-009 | B10: OBS-087 | C10: =VLOOKUP(B10,Observacoes!$A:$D,2,FALSE) | D10: =VLOOKUP(B10,Observacoes!$A:$D,3,FALSE) | E10: =VLOOKUP(B10,Observacoes!$A:$D,4,FALSE) | F10: Bombas e suportes de bombas inadequados para essa populacao | G10: Criancas internadas | H10: Reduzir o tempo gasto com ajustes | I10: Uma forma de infundir medicacoes em pacientes pediatricos internados com o objetivo de melhorar a mobilidade das criancas em x% | J10: Medicamentos | K10: Ana
A11: NEED-010 | B11: OBS-087 | C11: =VLOOKUP(B11,Observacoes!$A:$D,2,FALSE) | D11: =VLOOKUP(B11,Observacoes!$A:$D,3,FALSE) | E11: =VLOOKUP(B11,Observacoes!$A:$D,4,FALSE) | F11: Bombas e suportes de bombas inadequados para essa populacao | G11: Criancas internadas | H11: Evitar erros de dosagem | I11: Uma forma de infundir medicacoes em pacientes pediatricos internados com o objetivo de tornar esse processo mais seguro em x% (evitar erros graves evitaveis) | J11: Medicamentos | K11: Ana
A12: NEED-011 | B12: OBS-090 | C12: =VLOOKUP(B12,Observacoes!$A:$D,2,FALSE) | D12: =VLOOKUP(B12,Observacoes!$A:$D,3,FALSE) | E12: =VLOOKUP(B12,Observacoes!$A:$D,4,FALSE) | F12: Ajuste de bombas realizados de forma manual | G12: Criancas internadas na UTI | H12: Reduzir complicacoes de RE-IOT | I12: Uma forma de automatizar as bombas de infusao das UTIs pediatricas com o objetivo de otimizar o tempo da enfermagem em x% | J12: Medicamentos | K12: Ana
A13: NEED-012 | B13: OBS-090 | C13: =VLOOKUP(B13,Observacoes!$A:$D,2,FALSE) | D13: =VLOOKUP(B13,Observacoes!$A:$D,3,FALSE) | E13: =VLOOKUP(B13,Observacoes!$A:$D,4,FALSE) | F13: Ajuste de bombas realizados de forma manual | G13: Criancas internadas na UTI | H13: Reduzir RE-IOT | I13: Uma forma de automatizar as bombas de infusao das UTIs pediatricas com o objetivo de evitar erros de processo em x% | J13: Medicamentos | K13: Ana
... A30: NEED-029 | B30: OBS-091 | C30: =VLOOKUP(B30,Observacoes!$A:$D,2,FALSE) | D30: =VLOOKUP(B30,Observacoes!$A:$D,3,FALSE) | E30: =VLOOKUP(B30,Observacoes!$A:$D,4,FALSE) | F30: Caterer nao fixado aumenta chande de perda de cateteres e necessidade de nova puncao | G30: Criancas hospitalizadas | H30: Reduzir as taxas de perda de cateter venoso causadas pelas maos da crianca | I30: Uma forma de fixar cateter e reduzir EM % as taxas de perda de cateter venoso causada pelos movimentos da crianca | J30: Cateter | K30: Mariana
A31: NEED-030 | C31: 3 | D31: Fixacao e cateteres | E31: nao ha uma fixacao de Dreno de torax especifica para criancas (algo feito e montado com tensoplast ( pode machucar) | F31: Causa exulceracoes e lesao por pressao. | G31: Criancas hospitalizadas | H31: A falta de fixacao voltada pra criancas obriga a fazer dispositivo nao padrao que pode lesionar a pele do paciente. | I31: Uma forma de fixar dreno em criancas reduzindo as lesoes cutaneas pela fixacao em x%. | J31: Derme | K31: Mariana
A32: NEED-031 | B32: OBS-076 | C32: =VLOOKUP(B32,Observacoes!$A:$D,2,FALSE) | D32: =VLOOKUP(B32,Observacoes!$A:$D,3,FALSE) | E32: =VLOOKUP(B32,Observacoes!$A:$D,4,FALSE) | F32: Erro de medicacao | G32: Criancas hospitalizadas | H32: Reduzir os efeitos adversos e a necessidade de intervir no paciente para resolve-los | I32: Uma forma de reduzir erros de medicacao graves evitaveis em pacientes pediatricos hospitalizados com o objetivo de reduzir os custos hospitalares associados em x% (efeitos adversos diretos, reacoes alergicas, danos organicos, resistencia a antibioticos, danos cognitivos ou do desenvolvimento, impacto emocional e psicologico) | J32: Medicamentos | K32: Marta
A33: NEED-032 | B33: OBS-083 | C33: =VLOOKUP(B33,Observacoes!$A:$D,2,FALSE) | D33: =VLOOKUP(B33,Observacoes!$A:$D,3,FALSE) | E33: =VLOOKUP(B33,Observacoes!$A:$D,4,FALSE) | F33: Efeitos colaterais do uso de sedativos | G33: Criancas internadas na UTI | H33: Reduzir os efeitos adversos e a necessidade de intervir no paciente para resolve-los | I33: Uma forma de reduzir o uso de sedacao em pacientes pediatricos internados na UTI com o objetivo de reduzir a morbidade em X% (pneumonia, ulceras de pressao, miopatia, trombose venosa profunda) | J33: Medicamentos | K33: Marta
A34: NEED-033 | C34: 3 | D34: Medicamentos | E34: nao ha uma forma de diferenciar entre tolerancia a droga/ abstinencia x delirium em criancas que estao em uso prolongado de sedativos. Usam escalas comportamentais, mas as criancas puntuam os dois. Na pratica tratam as duas coisas. | F34: Nao ha diagnostico diferencial entre tolerancia a droga e delirium | G34: Criancas internadas na UTI | H34: Reduzir os efeitos adversos associados a um erro de diagnostico | I34: Uma forma de diferenciar entre delirum e tolerancia a droga em pacientes pediatricos sedados internados em UTI com quadro de agitacao com o objetivo de reduzir hipersedacao em X% | J34: Medicamentos | K34: Marta
A35: NEED-034 | C35: 3 | D35: Medicamentos | E35: nao ha uma forma de diferenciar entre tolerancia a droga/ abstinencia x delirium em criancas que estao em uso prolongado de sedativos. Usam escalas comportamentais, mas as criancas puntuam os dois. Na pratica tratam as duas coisas. | F35: Nao ha diagnostico diferencial entre tolerancia a droga e delirium | G35: Criancas internadas na UTI | H35: Reduzir os efeitos adversos associados a um erro de diagnostico | I35: Uma forma de diferenciar entre delirum e tolerancia a droga em pacientes pediatricos sedados internados em UTI com quadro de agitacao com o objetivo de reduzir intervencoes innecesarias em X% | J35: Medicamentos | K35: Marta
A36: NEED-035 | B36: OBS-089 | C36: =VLOOKUP(B36,Observacoes!$A:$D,2,FALSE) | D36: =VLOOKUP(B36,Observacoes!$A:$D,3,FALSE) | E36: =VLOOKUP(B36,Observacoes!$A:$D,4,FALSE) | F36: Nao ha metodo eficaz para titulacao de niveis de sedacao | G36: Criancas internadas na UTI | H36: Reduzir a morbidade associada a niveis de sedacao subotimos | I36: Uma forma de controlar o nivel de sedacao em pacientes pediatricos internados na UTI para reduzir a morbidade em X% (pneumonia, ulceras de pressao, miopatia, trombose venosa profunda, delirium) | J36: Medicamentos | K36: Marta
A37: NEED-036 | C37: 3 | D37: Medicamentos | E37: Reducao de mobilidade por conta de infusao de medicamentos por muito tempo | F37: Perda de liberdade de movimento causa atrofia e perda muscular. | G37: Criancas hospitalizadas | H37: Reducao de mobilidade causa Perda de Forca Muscular e Atrofia | I37: Uma forma melhorar a administracao de medicamentos com o objetivo de melhorar mobilidade | J37: Medicamentos | K37: Mariana
A38: NEED-037 | B38: OBS-073 | C38: =VLOOKUP(B38,Observacoes!$A:$D,2,FALSE) | D38: =VLOOKUP(B38,Observacoes!$A:$D,3,FALSE) | E38: =VLOOKUP(B38,Observacoes!$A:$D,4,FALSE) | F38: Favorece o surgimento de Infeccao da Corrente Sanguinea Associada ao Cateter Central (CLABSI) | G38: Criancas hospitalizadas | H38: Reduzir infeccao de cateter | I38: Uma forma de reduzir a administracao de medicamentos por via intravenosa reduzindo a taxa de infeccao de cateter em % ( cateter central e periferico, infeccao sistemica) | J38: Medicamentos | K38: Mariana
A39: NEED-038 | B39: OBS-073 | C39: =VLOOKUP(B39,Observacoes!$A:$D,2,FALSE) | D39: =VLOOKUP(B39,Observacoes!$A:$D,3,FALSE) | E39: =VLOOKUP(B39,Observacoes!$A:$D,4,FALSE) | F39: A administracao de grandes quantidades de emdicamentos intravenosos aumenta o risco de flebite e tromboflebite | G39: Criancas hospitalizadas | H39: Reduzir as taxas de flebite e tromboflebite em criancas internadas na uti | I39: Uma forma de reduzir a administracao de medicamentos por via intravenosa periferica reduzindo a taxa tromboflebite/flebite em % (local) | J39: Medicamentos | K39: Mariana
A40: NEED-039 | B40: OBS-077 | C40: =VLOOKUP(B40,Observacoes!$A:$D,2,FALSE) | D40: =VLOOKUP(B40,Observacoes!$A:$D,3,FALSE) | E40: =VLOOKUP(B40,Observacoes!$A:$D,4,FALSE) | F40: Falta de movimento causa morbidade | G40: Criancas hospitalizadas e domiciliares | H40: Reduzir riscos associados a falta de mobilidade | I40: Uma forma de dializar em pacientes hospitalares e domiciliares que permita reduzir os riscos associados a imobilidade em X% (ulceras de pressao, miopatia, trombose venosa profunda). | J40: Derme | K40: Marta
A41: NEED-040 | B41: OBS-081 | C41: =VLOOKUP(B41,Observacoes!$A:$D,2,FALSE) | D41: =VLOOKUP(B41,Observacoes!$A:$D,3,FALSE) | E41: =VLOOKUP(B41,Observacoes!$A:$D,4,FALSE) | F41: Falta de movimento causa deterioracao no desenvolvimento cognitivo e motor | G41: Criancas hospitalizadas de 0 a 1 ano | H41: Reduzir efeitos negativos no desenvolvimento cognitivo e motor | I41: Uma forma de melhorar a mobilidade em pacientes pediatricos hospitalizados entre 0 e 1 ano para reduzir o atraso no desenvolvimento cognitivo e motor em X% | J41: Mobilidade | K41: Marta
A42: NEED-041 | B42: OBS-067 | C42: =VLOOKUP(B42,Observacoes!$A:$D,2,FALSE) | D42: =VLOOKUP(B42,Observacoes!$A:$D,3,FALSE) | E42: =VLOOKUP(B42,Observacoes!$A:$D,4,FALSE) | F42: Atraso entre a medida real da saturacao de oxigenio e a exibicao na tela | G42: Criancas hospitalizadas | H42: Reduzir falta ou atraso na deteccao de episodios de insuficiencia respiratoria | I42: Uma forma de melhorar as medidas de saturacao de oxigenio em pacientes pediatricos hospitalizados com o objetivo de reduzir o tempo de demora em identificacao de hipoxemia X% | J42: Respiratorio | K42: Marta
A43: NEED-042 | B43: OBS-065 | C43: =VLOOKUP(B43,Observacoes!$A:$D,2,FALSE) | D43: =VLOOKUP(B43,Observacoes!$A:$D,3,FALSE) | E43: =VLOOKUP(B43,Observacoes!$A:$D,4,FALSE) | F43: Atraso no diagnostico de bronquiolite gera morbidade | G43: Criancas hospitalizadas e domiciliares | H43: Reduzir atraso no diagnostico e custo associado na gestao das morbidades provocadas pelo mesmo | I43: Uma forma de melhorar o diagnostico de bronqueolite em pacientes pediatricos hospitalizados e domiciliares con el objetivo de antecipar o cuidado (reducir internacao) em um %X | J43: Respiratorio | K43: Marta
A44: NEED-043 | C44: 3 | D44: Patologias | E44: Sarcopenia infantil | F44: Sarcopenia infantil | G44: Criancas hospitalizadas | H44: Reduzir morbidades associadas | I44: Uma forma de reduzir a imobilidade infantil en pacientes pediatricos hospitalizados com el objetivo de reducir a sarcopenia em um X% | J44: Mobilidade | K44: Marta
A45: NEED-044 | C45: 3 | D45: Patologias | E45: Crises convulsivas | F45: Imprevisibilidade das crises Perca de consciencia | G45: criancas | H45: inibir crises em x% | I45: Uma nova forma de aumentar a previsibilidade das crises convulsivas em pacientes pediatricos com o objetivo de inibir crises em x% | J45: Monitoramento | K45: Vitor
A46: NEED-045 | C46: 3 | D46: Patologias | E46: Enterocolite necrotizando | F46: Perca da funcao intestinal | G46: recem-nascidos | H46: reduzir chance de necrose em x% | I46: Uma forma de reduzir a perca de funcao intestinal em pacientes pediatricos com o objetivo de reduzir a chance de necrose em x% | J46: Derme | K46: Vitor
A47: NEED-046 | B47: OBS-060 | C47: =VLOOKUP(B47,Observacoes!$A:$D,2,FALSE) | D47: =VLOOKUP(B47,Observacoes!$A:$D,3,FALSE) | E47: =VLOOKUP(B47,Observacoes!$A:$D,4,FALSE) | F47: Agitacao Tamanho agulha Baixa margem para erro | G47: criancas | H47: reduzir eventos adversos em x% | I47: Uma forma de reduzir acidentes de puncao em pacientes pediatricos com o objetivo de reduzir eventos adversos em x% | J47: Cateter | K47: Vitor
A48: NEED-047 | B48: OBS-061 | C48: =VLOOKUP(B48,Observacoes!$A:$D,2,FALSE) | D48: =VLOOKUP(B48,Observacoes!$A:$D,3,FALSE) | E48: =VLOOKUP(B48,Observacoes!$A:$D,4,FALSE) | F48: Identificacao da veia Maos ocupadas com ultrasom e agulha | G48: criancas | H48: reduzir eventos adversos em x% | I48: Uma forma de melhorar a identificaca de veias em pacientes pediatricos com o objetivo de reduzir eventos adversos em x% | J48: Cateter | K48: Vitor
A49: NEED-048 | B49: OBS-062 | C49: =VLOOKUP(B49,Observacoes!$A:$D,2,FALSE) | D49: =VLOOKUP(B49,Observacoes!$A:$D,3,FALSE) | E49: =VLOOKUP(B49,Observacoes!$A:$D,4,FALSE) | F49: Infeccao do cateter | G49: criancas | H49: reduzir as taxas de infeccoes em x% | I49: Uma forma protetiva de inserir o cateter em pacientes pediatricos com o objetivo de reduzir a infeccao do cateter em x% | J49: Cateter | K49: Vitor
A50: NEED-049 | B50: OBS-070 | C50: =VLOOKUP(B50,Observacoes!$A:$D,2,FALSE) | D50: =VLOOKUP(B50,Observacoes!$A:$D,3,FALSE) | E50: =VLOOKUP(B50,Observacoes!$A:$D,4,FALSE) | F50: Dores na mao Facil desconexao | G50: criancas | H50: diminuir as desconexoes acidentais em x% | I50: Uma melhor forma de PAI em pacientes pediatricos com o objetivo de diminuir as desconexoes acidentais em x% | J50: Cateter | K50: Vitor
A51: NEED-050 | B51: OBS-071 | C51: =VLOOKUP(B51,Observacoes!$A:$D,2,FALSE) | D51: =VLOOKUP(B51,Observacoes!$A:$D,3,FALSE) | E51: =VLOOKUP(B51,Observacoes!$A:$D,4,FALSE) | F51: Fixacao machuca Fixacao inadequado impede funcionamento | G51: criancas | H51: operabilidade da sonda em % | I51: Uma melhor forma de fixacao da sonda vesical em pacientes pediatricos com o objetivo de manter a operabilidade da sonda em 100% | J51: Cateter | K51: Vitor
A52: NEED-051 | B52: OBS-072 | C52: =VLOOKUP(B52,Observacoes!$A:$D,2,FALSE) | D52: =VLOOKUP(B52,Observacoes!$A:$D,3,FALSE) | E52: =VLOOKUP(B52,Observacoes!$A:$D,4,FALSE) | F52: Intervencao cirurgica Inefetividade da sonda por falta de tamanho | G52: criancas | H52: reduzir intervencoes cirurgicas em x% | I52: Uma melhor forma de adequar a sonda vesical de demora em pacientes pediatricos com o objetivo de reduzir intervencoes cirurgicas em x% | J52: Cateter | K52: Vitor
A53: NEED-052 | B53: OBS-092 | C53: =VLOOKUP(B53,Observacoes!$A:$D,2,FALSE) | D53: =VLOOKUP(B53,Observacoes!$A:$D,3,FALSE) | E53: =VLOOKUP(B53,Observacoes!$A:$D,4,FALSE) | F53: PICC ir para um lugar indesejado | G53: criancas | H53: reduzir eventos adversos em x% | I53: Uma forma de rastreabilidade do caminho do PIC em pacientes pediatricos com o objetivo de reduzir eventos adversos em x% | J53: Cateter | K53: Vitor
A54: NEED-053 | B54: OBS-050 | C54: =VLOOKUP(B54,Observacoes!$A:$D,2,FALSE) | D54: =VLOOKUP(B54,Observacoes!$A:$D,3,FALSE) | E54: =VLOOKUP(B54,Observacoes!$A:$D,4,FALSE) | F54: Dificuldade de comunicacao entre equipe e familiares | G54: Criancas internadas na UTI | H54: Evitar repeticao de conversas ja realizadas | I54: Uma forma de facilitar o entendimento dos familiares de criancas internadas em UTIs pediatricas para evitar chamados desnecessarios em x% | J54: Monitoramento | K54: Ana
A55: NEED-054 | B55: OBS-055 | C55: =VLOOKUP(B55,Observacoes!$A:$D,2,FALSE) | D55: =VLOOKUP(B55,Observacoes!$A:$D,3,FALSE) | E55: =VLOOKUP(B55,Observacoes!$A:$D,4,FALSE) | F55: Desperdicio de dinheiro | G55: Criancas hospitalizadas | H55: Viabilizar um dispositivo que seja possivel trocar baterias ou pilhas | I55: Uma forma de Viabilizar um dispositivo que seja possivel trocar baterias ou pilhas | J55: Monitoramento | K55: Mariana
A56: NEED-055 | B56: OBS-056 | C56: =VLOOKUP(B56,Observacoes!$A:$D,2,FALSE) | D56: =VLOOKUP(B56,Observacoes!$A:$D,3,FALSE) | E56: =VLOOKUP(B56,Observacoes!$A:$D,4,FALSE) | F56: Dificuldade de transporte | H56: Melhorar/aperfeicoar eco para uma aparelhagem completa. | I56: Uma forma de Melhorar/aperfeicoar eco para uma aparelhagem completa. | J56: Monitoramento | K56: Mariana
A57: NEED-056 | B57: OBS-058 | C57: =VLOOKUP(B57,Observacoes!$A:$D,2,FALSE) | D57: =VLOOKUP(B57,Observacoes!$A:$D,3,FALSE) | E57: =VLOOKUP(B57,Observacoes!$A:$D,4,FALSE) | F57: Multiplas retiradas de adesivos escoriam a pele | G57: Criancas hospitalizadas | H57: Possibilitar que seja feito um ecg de 12 derivacoes sem precisar retirar os adesivos da monitorizacao e lesionar a pele das criancas | I57: uma forma de realizar ecg 12 derivacoes sem retirar os adesivos de monitoramento. | J57: Monitoramento | K57: Mariana
A58: NEED-057 | B58: OBS-045 | C58: =VLOOKUP(B58,Observacoes!$A:$D,2,FALSE) | D58: =VLOOKUP(B58,Observacoes!$A:$D,3,FALSE) | E58: =VLOOKUP(B58,Observacoes!$A:$D,4,FALSE) | F58: Dificuldade na conscientizacao do paciente pediatrico sobre seu diagnostico | G58: Criancas internadas na UTI | H58: Melhorar aderencia ao tratamento | I58: Uma forma de educar o paciente em UTIs pediatricas com o objetivo de melhorar a aderencia ao tratamento em x% | J58: Educacao | K58: Ana
A59: NEED-058 | B59: OBS-052 | C59: =VLOOKUP(B59,Observacoes!$A:$D,2,FALSE) | D59: =VLOOKUP(B59,Observacoes!$A:$D,3,FALSE) | E59: =VLOOKUP(B59,Observacoes!$A:$D,4,FALSE) | F59: Dificuldade na adpatacao da mascara de VNI | G59: Criancas hospitalizadas | H59: Reduzir taxa de IOT | I59: Uma forma de adaptacao de ventilacao nao invasiva em criancas internadas com o objetivo de reduzir a taxa de intubacao em x%. | J59: Respiratorio | K59: Ana
A60: NEED-059 | B60: OBS-052 | C60: =VLOOKUP(B60,Observacoes!$A:$D,2,FALSE) | D60: =VLOOKUP(B60,Observacoes!$A:$D,3,FALSE) | E60: =VLOOKUP(B60,Observacoes!$A:$D,4,FALSE) | F60: Dificuldade na adpatacao da mascara de VNI | G60: Criancas hospitalizadas | H60: Reduzir trabalho respiratorio | I60: Uma forma de adaptar a mascara de VNI em criancas internadas com o objetivo de reduzir trabalho respiratorio em x%. | J60: Respiratorio | K60: Ana
A61: NEED-060 | B61: OBS-054 | C61: =VLOOKUP(B61,Observacoes!$A:$D,2,FALSE) | D61: =VLOOKUP(B61,Observacoes!$A:$D,3,FALSE) | E61: =VLOOKUP(B61,Observacoes!$A:$D,4,FALSE) | F61: Escassez de um instrumento que facilite IOT em criancas <6m | G61: Criancas hospitalizadas | H61: Evitar complicacoes por tempo elevado do procedimento de IOT | I61: Uma forma de facilitar a IOT em criancas menores de 6 meses para evitar as complicacoes de um tempo elevado durante procedimento de IOT em x% | J61: Respiratorio | K61: Ana
A62: NEED-061 | B62: OBS-054 | C62: =VLOOKUP(B62,Observacoes!$A:$D,2,FALSE) | D62: =VLOOKUP(B62,Observacoes!$A:$D,3,FALSE) | E62: =VLOOKUP(B62,Observacoes!$A:$D,4,FALSE) | F62: Escassez de um instrumento que facilite IOT em criancas <6m | G62: Criancas hospitalizadas | H62: Reduzir o tempo do procedimento de IOT | I62: Uma forma de facilitar a IOT em criancas menores de 6 meses para reduzir o tempo de procedimento em x% | J62: Respiratorio | K62: Ana
A63: NEED-062 | B63: OBS-041 | C63: =VLOOKUP(B63,Observacoes!$A:$D,2,FALSE) | D63: =VLOOKUP(B63,Observacoes!$A:$D,3,FALSE) | E63: =VLOOKUP(B63,Observacoes!$A:$D,4,FALSE) | F63: Maior mortalidade por Insuficiencia respiratoria | G63: Criancas internadas na UTI | H63: Reduzir mortalidade por Insuficiencia respiratoria aguda por pAV | I63: Uma forma de Reduzir em % mortalidade por Insuficiencia respiratoria aguda por pAV | J63: Respiratorio | K63: Mariana
A64: NEED-063 | B64: OBS-041 | C64: =VLOOKUP(B64,Observacoes!$A:$D,2,FALSE) | D64: =VLOOKUP(B64,Observacoes!$A:$D,3,FALSE) | E64: =VLOOKUP(B64,Observacoes!$A:$D,4,FALSE) | F64: Maior tempo em ventilacao mecanica levando a maior chance de complicacoes como a PAV | G64: Criancas internadas na UTI | H64: Reduzir o tempo de ventilacao mecanica diminuindo as chances de complicacoes associadas a ventilacao mecanica. | I64: Uma forma de diminuir o tempo de ventilacao mecanica em criancas na UTI, reduzindo em x% as taxas de PAV | J64: Respiratorio | K64: Mariana
A65: NEED-064 | B65: OBS-041 | C65: =VLOOKUP(B65,Observacoes!$A:$D,2,FALSE) | D65: =VLOOKUP(B65,Observacoes!$A:$D,3,FALSE) | E65: =VLOOKUP(B65,Observacoes!$A:$D,4,FALSE) | F65: Aumento do custo de internacao ( Custo de tratamento antibioticos, leito de uti, equipe multidisciplinar) | G65: Criancas internadas na UTI | H65: Reduzir o custo de internacao em uti ( Custo de tratamento antibioticos, leito de uti, equipe multidisciplinar) | I65: Uma forma de diminuir em x% os custos de internacao em UTI pediatrica relacionados a Pav | J65: Respiratorio | K65: Mariana
A66: NEED-065 | B66: OBS-041 | C66: =VLOOKUP(B66,Observacoes!$A:$D,2,FALSE) | D66: =VLOOKUP(B66,Observacoes!$A:$D,3,FALSE) | E66: =VLOOKUP(B66,Observacoes!$A:$D,4,FALSE) | F66: Aumento da resistencia antimicrobiana | G66: Criancas internadas na UTI | H66: Diminuir a resistencia antimicrobiana atribuida ao uso excessivo de antibioticos durante a internacao. | I66: Uma forma de reduzir em x% a incidencia de resistencia bacteriana a antibioticos na uti pediatrica. | J66: Respiratorio | K66: Mariana
A67: NEED-066 | B67: OBS-044 | C67: =VLOOKUP(B67,Observacoes!$A:$D,2,FALSE) | D67: =VLOOKUP(B67,Observacoes!$A:$D,3,FALSE) | E67: =VLOOKUP(B67,Observacoes!$A:$D,4,FALSE) | F67: Aumento na chance de alteracoes hemodinamicas ( hipotensao/ hipertensao) e na frequencia cardiaca (Arritmias) | G67: Criancas internadas na UTI | H67: Reduzir a incidencia de alteracoes hemodinamicas ( hipotensao/ hipertensao e Arritmias | I67: Uma forma de reduzir as alteracoes hemodinamicas relacionadas ao banho no leito em criancas | J67: Banho | K67: Mariana
A68: NEED-067 | B68: OBS-044 | C68: =VLOOKUP(B68,Observacoes!$A:$D,2,FALSE) | D68: =VLOOKUP(B68,Observacoes!$A:$D,3,FALSE) | E68: =VLOOKUP(B68,Observacoes!$A:$D,4,FALSE) | F68: Aumenta Perda de calor corporal (hipotermia) | G68: Criancas internadas na UTI | H68: Reduzir a perda de calor corporal causada por tempo de banho prolongado | I68: Uma forma de reduzir perda de calor corporal em banhos de criancas no leito | J68: Banho | K68: Mariana
... A82: NEED-081 | B82: OBS-040 | C82: =VLOOKUP(B82,Observacoes!$A:$D,2,FALSE) | D82: =VLOOKUP(B82,Observacoes!$A:$D,3,FALSE) | E82: =VLOOKUP(B82,Observacoes!$A:$D,4,FALSE) | F82: Modelos de duas viais ao inves de tres Coagulacao e entupimento | G82: criancas | H82: diminuir riscos de entupimento em x% | I82: Uma forma de melhorar adaptabilidade da sonda Foley em pacientes pediatricos com o objetivo de reduzir cistostomias em x% | J82: Cateter | K82: Vitor
A83: NEED-082 | B83: OBS-048 | C83: =VLOOKUP(B83,Observacoes!$A:$D,2,FALSE) | D83: =VLOOKUP(B83,Observacoes!$A:$D,3,FALSE) | E83: =VLOOKUP(B83,Observacoes!$A:$D,4,FALSE) | F83: Recolocacao da sonda Entupimento/ Falta de alimentacao adequada Perigo de causar irritacao e sangramento | G83: criancas | H83: diminuir as desconexoes acidentais em x% | I83: Uma forma de melhorar de fixacao da sonda nasal em pacientes pediatricos com o objetivo de manter a operabilidade da sonda em 100% | K83: Vitor
A84: NEED-083 | B84: OBS-032 | C84: =VLOOKUP(B84,Observacoes!$A:$D,2,FALSE) | D84: =VLOOKUP(B84,Observacoes!$A:$D,3,FALSE) | E84: =VLOOKUP(B84,Observacoes!$A:$D,4,FALSE) | I84: Uma forma de expor a classificacao de gravidade de criancas hospitalizadas com o objetivo de priorizar o atendimento dos casos mais graves em x%. | J84: Comunicacao | K84: Ana
A85: NEED-084 | C85: 0 | D85: Type | E85: Observations | F85: Problem | G85: Population | H85: Intend outcome | I85: Previous Need Statements | J85: Type | K85: Nome
A86: NEED-085 | B86: OBS-039 | C86: =VLOOKUP(B86,Observacoes!$A:$D,2,FALSE) | D86: =VLOOKUP(B86,Observacoes!$A:$D,3,FALSE) | E86: =VLOOKUP(B86,Observacoes!$A:$D,4,FALSE) | F86: Excesso de tempo gasto com informacoes repetidas | G86: Criancas internadas na UTI | H86: Reduzir o tempo de solicitacao de medicacao e realizacao da mesma | I86: Uma forma de facilitar a comunicacao entre profissionais nas UTIs pediatricas com o objetivo de reduzir o tempo solicitacao-realizacao de medicacao em x% | J86: Comunicacao | K86: Ana
A87: NEED-086 | B87: OBS-039 | C87: =VLOOKUP(B87,Observacoes!$A:$D,2,FALSE) | D87: =VLOOKUP(B87,Observacoes!$A:$D,3,FALSE) | E87: =VLOOKUP(B87,Observacoes!$A:$D,4,FALSE) | F87: Excesso de tempo gasto com informacoes repetidas | G87: Criancas internadas na UTI | H87: Reeduzir o tempo de solitacao de alta-efetivacao da alta | I87: Uma forma de facilitar a comunicacao entre profissionais nas UTIs pediatricas com o objetivo de reduzir o tempo solicitacao de alta- efetivacao da alta em x% | J87: Comunicacao | K87: Ana
A88: NEED-087 | B88: OBS-037 | C88: =VLOOKUP(B88,Observacoes!$A:$D,2,FALSE) | D88: =VLOOKUP(B88,Observacoes!$A:$D,3,FALSE) | E88: =VLOOKUP(B88,Observacoes!$A:$D,4,FALSE) | F88: Dificuldade na adaptacao da mascara de CNAF | G88: Criancas hospitalizadas | H88: Reduzir taxa de IOT | I88: Uma forma de melhor adpatar o CNAF em criancas hospitalizadas com o objetivo de reduzir a taxa de intubacao em x% | J88: Equipamentos/monitorizacao | K88: Ana
A89: NEED-088 | B89: OBS-037 | C89: =VLOOKUP(B89,Observacoes!$A:$D,2,FALSE) | D89: =VLOOKUP(B89,Observacoes!$A:$D,3,FALSE) | E89: =VLOOKUP(B89,Observacoes!$A:$D,4,FALSE) | F89: Dificuldade na adaptacao da mascara de CNAF | G89: Criancas hospitalizadas | H89: Melhorar escala de conforto | I89: Uma forma de melhor adpatar o CNAF em criancas hospitalizadas com o objetivo de melhorar o conforto do paciente em x% | J89: Equipamentos/monitorizacao | K89: Ana
A90: NEED-089 | B90: OBS-038 | C90: =VLOOKUP(B90,Observacoes!$A:$D,2,FALSE) | D90: =VLOOKUP(B90,Observacoes!$A:$D,3,FALSE) | E90: =VLOOKUP(B90,Observacoes!$A:$D,4,FALSE) | F90: Os equipamentos projetados para adultos podem nao ser adequados ou seguros para uso pediatrico.Causando afericoes imprecisas e possiveis doses inadequadas. | G90: Criancas internadas na UTI | H90: Produzir equipamentos que sejam intercambiaveis e adaptaveis para criancas | I90: Uma forma de | J90: Infraestrutura | K90: Mariana
A91: NEED-090 | B91: OBS-038 | C91: =VLOOKUP(B91,Observacoes!$A:$D,2,FALSE) | D91: =VLOOKUP(B91,Observacoes!$A:$D,3,FALSE) | E91: =VLOOKUP(B91,Observacoes!$A:$D,4,FALSE) | F91: Leitos maiores favorecem quedas. | G91: Criancas internadas na UTI | H91: Reduzir a incidencia de quedas em criancas que estao em leitos de uti projetados para adultos. | I91: Uma forma de | J91: Infraestrutura | K91: Mariana
A92: NEED-091 | B92: OBS-038 | C92: =VLOOKUP(B92,Observacoes!$A:$D,2,FALSE) | D92: =VLOOKUP(B92,Observacoes!$A:$D,3,FALSE) | E92: =VLOOKUP(B92,Observacoes!$A:$D,4,FALSE) | F92: Exposicao a diferentes Patogenos aumentando o risco de infeccoes nosocomiais. | G92: Criancas internadas na UTI | H92: Reduzir a incidencia de infeccoes nosocomiais em pacientes pediatricos internados em leitos adultos. | I92: Uma forma de | J92: Infraestrutura | K92: Mariana
A93: NEED-092 | C93: 0 | D93: Type | E93: Observations | F93: Problem | G93: Population | H93: Intend outcome | I93: Previous Need Statements | J93: Type | K93: Nome
A94: NEED-093 | B94: OBS-032 | C94: =VLOOKUP(B94,Observacoes!$A:$D,2,FALSE) | D94: =VLOOKUP(B94,Observacoes!$A:$D,3,FALSE) | E94: =VLOOKUP(B94,Observacoes!$A:$D,4,FALSE) | I94: Uma forma de expor a classificacao de gravidade de criancas hospitalizadas com o objetivo de priorizar o atendimento dos casos mais graves em x%. | J94: Comunicacao | K94: Ana
A95: NEED-094 | B95: OBS-032 | C95: =VLOOKUP(B95,Observacoes!$A:$D,2,FALSE) | D95: =VLOOKUP(B95,Observacoes!$A:$D,3,FALSE) | E95: =VLOOKUP(B95,Observacoes!$A:$D,4,FALSE) | I95: Uma forma de classificar a gravidade de criancas no pronto atendimento com o objetivo de prever o declinio clinico em x% | J95: Comunicacao | K95: Ana
A96: NEED-095 | B96: OBS-033 | C96: =VLOOKUP(B96,Observacoes!$A:$D,2,FALSE) | D96: =VLOOKUP(B96,Observacoes!$A:$D,3,FALSE) | E96: =VLOOKUP(B96,Observacoes!$A:$D,4,FALSE) | F96: Maior estresse para familiares e paciente. | G96: Criancas hospitalizadas e familiares. | J96: Comunicacao | K96: Mariana
A97: NEED-096 | B97: OBS-031 | C97: =VLOOKUP(B97,Observacoes!$A:$D,2,FALSE) | D97: =VLOOKUP(B97,Observacoes!$A:$D,3,FALSE) | E97: =VLOOKUP(B97,Observacoes!$A:$D,4,FALSE) | F97: Demora nas respostas Necessidade de confimacao verbal Esquecimento do aviso | G97: Equipe da UTI | H97: reducao no atraso de altas e admissoes em x% | I97: Uma forma de alertas individualizados em profissionais da UTI com o objetivo de reducao no atraso do fluxo de leitos em x% | J97: Comunicacao | K97: Vitor
A98: NEED-097 | C98: 1 | D98: Equipamentos/monitorizacao | E98: Perda de cabos | F98: Perda de cateter | G98: Criancas hospitalizadas | H98: Reducir a perda de cateter | I98: Uma forma de reduzir a perda de cateter em pacientes pediatricos hospitalizados para diminuir o numero de puncoes em X%. | J98: Equipamentos/monitorizacao | K98: Marta
A99: NEED-098 | C99: 1 | D99: Equipamentos/monitorizacao | E99: Perda de cabos | F99: Perda de cateter | G99: Criancas hospitalizadas | H99: Reducir a perda infeccoes associadas a cateter | I99: Uma forma de reduzir as perdas de cateter em pacientes pediatricos hospitalizados para reduzir infeccoes associadas ao cateter em X% | J99: Equipamentos/monitorizacao | K99: Marta
A100: NEED-099 | C100: 1 | D100: Equipamentos/monitorizacao | E100: Equipamentos e falta de rastreabilidade dos mesmos | F100: Os cabos se enrolam e e dificil ter rastreabilidade de a qual dispositivo corresponde cada cabo | G100: Equipe da UTI | H100: Melhorar el atendimiento ao paciente | I100: Uma forma de aumentar a rastreabilidade dos cabos em pacientes pediatricos hospitalizados para melhorar a qualidade do atendimento ao paciente em X% | J100: Equipamentos/monitorizacao | K100: Marta
A101: NEED-100 | B101: OBS-035 | C101: =VLOOKUP(B101,Observacoes!$A:$D,2,FALSE) | D101: =VLOOKUP(B101,Observacoes!$A:$D,3,FALSE) | E101: =VLOOKUP(B101,Observacoes!$A:$D,4,FALSE) | I101: Uma forma de melhorar o laringoscopio usado em UTIs pediatricas para reduzir o tempo de IOT em x% | J101: Equipamentos/monitorizacao | K101: Ana
A102: NEED-101 | B102: OBS-034 | C102: =VLOOKUP(B102,Observacoes!$A:$D,2,FALSE) | D102: =VLOOKUP(B102,Observacoes!$A:$D,3,FALSE) | E102: =VLOOKUP(B102,Observacoes!$A:$D,4,FALSE) | F102: Limtacao no tamanho das luvas Limitacao na eficiencia Percas de acessos, sondas, cateteres...... | G102: criancas > 2 anos | H102: operabilidade da sonda em 100% | I102: Uma forma de melhorar a fixacao da luva em criancas acima de 2 anos com o objetivo de de manter a operabilidade da luva em 100% | J102: Equipamentos/monitorizacao | K102: Vitor
A103: NEED-102 | B103: OBS-036 | C103: =VLOOKUP(B103,Observacoes!$A:$D,2,FALSE) | D103: =VLOOKUP(B103,Observacoes!$A:$D,3,FALSE) | E103: =VLOOKUP(B103,Observacoes!$A:$D,4,FALSE) | F103: Usam controle manual favorecendo erros de medicacao. | G103: Criancas hospitalizadas | H103: Viabiliar um bulario que conste todas as medicacoes e doses pediatricas | I103: Uma forma de | J103: Medicamentos | K103: Mariana
